phase,dataset,preprocessing,model,best_cv_score,accuracy,f1,precision,recall,roc_auc,has_error,error,best_params_json
4.1,polish_1year,median,random_forest,0.9520151168742899,0.9644381223328592,0.9505235039200767,0.9599431009957327,0.9644381223328592,0.9348633026517642,False,,"{""max_depth"": null, ""min_samples_split"": 10, ""n_estimators"": 50}"
4.1,polish_1year,mice,random_forest,0.9610371375568313,0.9736842105263158,0.9670048942438207,0.9743852070781706,0.9736842105263158,0.9297542735042734,False,,"{""max_depth"": null, ""min_samples_split"": 5, ""n_estimators"": 200}"
4.1,polish_1year,mice_indicator,random_forest,0.9711823230597462,0.9772403982930299,0.9740891421706362,0.9753117866948955,0.9772403982930299,0.9367192636423406,False,,"{""max_depth"": null, ""min_samples_split"": 10, ""n_estimators"": 100}"
4.1,slovak_manufacture_13,median,random_forest,0.992788334691608,0.9914841849148418,0.9900726950750389,0.9890733759346898,0.9914841849148418,0.9955065359477123,False,,"{""max_depth"": null, ""min_samples_split"": 10, ""n_estimators"": 50}"
4.1,slovak_manufacture_13,mice,random_forest,0.9903197256659022,0.9927007299270073,0.9908848357218069,0.9902973117322413,0.9927007299270073,0.982843137254902,False,,"{""max_depth"": 10, ""min_samples_split"": 2, ""n_estimators"": 50}"
4.1,slovak_manufacture_13,mice_indicator,random_forest,0.9895607793795849,0.9927007299270073,0.9890644635170184,0.9854547391976132,0.9927007299270073,0.9736519607843137,False,,"{""max_depth"": 10, ""min_samples_split"": 10, ""n_estimators"": 50}"
4.1,taiwan_bankruptcy,median,random_forest,0.9601976612084006,0.9721407624633431,0.9643478020916691,0.9668829929375835,0.9721407624633431,0.9366563360881542,False,,"{""max_depth"": 10, ""min_samples_split"": 10, ""n_estimators"": 50}"
4.1,taiwan_bankruptcy,mice,random_forest,0.9601976612084006,0.9721407624633431,0.9643478020916691,0.9668829929375835,0.9721407624633431,0.9366563360881542,False,,"{""max_depth"": 10, ""min_samples_split"": 10, ""n_estimators"": 50}"
4.1,taiwan_bankruptcy,mice_indicator,random_forest,0.9603926366948743,0.9699413489736071,0.9619419377297967,0.9618057022369241,0.9699413489736071,0.9203168044077136,False,,"{""max_depth"": 20, ""min_samples_split"": 2, ""n_estimators"": 100}"
